"EID","ContributorName","CatCodeIndustry","CatCodeGroup","CatCodeBusiness","PerDem","PerRep","DemCol","RepCol","Total"
10041,"ANTHEM INC","Insurance","Finance, Insurance & Real Estate","Accident & health insurance",6,94,"#E00000AF","#E00000AF",25000
1025,"FORD MOTOR CO","Automotive","Transportation","Auto manufacturers",14.2857142857143,85.7142857142857,"#B80000AF","#B80000AF",10500
1039,"NEXTERA ENERGY","Miscellaneous Energy","Energy & Natural Resources","Alternative energy production & services",1.88679245283019,98.1132075471698,"#FA0000AF","#FA0000AF",26500
1055,"FROST BROWN & TODD","Lawyers & Lobbyists","Lawyers & Lobbyists","Attorneys & law firms",0,100,"#FF0000AF","#FF0000AF",4350
10680063,"STATE AUTO INSURANCE COMPANIES","Insurance","Finance, Insurance & Real Estate","Property & casualty insurance",0,100,"#FF0000AF","#FF0000AF",8433.31
10688628,"ALKERMES INC","Pharmaceuticals & Health Products","Health","Pharmaceutical manufacturing",3.125,96.875,"#F00000AF","#F00000AF",11200
10701104,"STRATEGIC PUBLIC PARTNERS","Uncoded","Uncoded","Uncoded",0,100,"#FF0000AF","#FF0000AF",1500
10770271,"OHIO TELEPHONE","Uncoded","Uncoded","Uncoded",21.6666666666667,78.3333333333333,"#940000AF","#940000AF",3000
10770383,"OHIO POLICE & FIRE PENSION FUND","Uncoded","Uncoded","Uncoded",0,100,"#FF0000AF","#FF0000AF",1050
10812576,"DIRECT ENERGY","Miscellaneous Energy","Energy & Natural Resources","Energy production & distribution",0,100,"#FF0000AF","#FF0000AF",2250
1084,"GENERAL ELECTRIC","Miscellaneous Finance, Insurance & Real Estate","Finance, Insurance & Real Estate","Finance, insurance & real estate",19.3548387096774,80.6451612903226,"#9E0000AF","#9E0000AF",15500
1087,"GENERAL MOTORS","Automotive","Transportation","Auto manufacturers",21.8934911242604,78.1065088757396,"#940000AF","#940000AF",25350
10986,"OHIO RESTAURANT ASSOCIATION","Food & Beverage","General Business","Restaurants & drinking establishments",0,100,"#FF0000AF","#FF0000AF",8340
11035104,"OHIO STATE ASSOCIATION OF PLUMBERS","General Trade Unions","Labor","Construction unions",17.1597941016952,82.8402058983048,"#A80000AF","#A80000AF",146064.34
1116,"GLAXOSMITHKLINE","Pharmaceuticals & Health Products","Health","Pharmaceutical manufacturing",0,100,"#FF0000AF","#FF0000AF",1000
1137,"GRANGE MUTUAL CASUALTY","Insurance","Finance, Insurance & Real Estate","Property & casualty insurance",0,100,"#FF0000AF","#FF0000AF",8500
115571,"CARESOURCE MANAGEMENT SERVICES","Insurance","Finance, Insurance & Real Estate","Property & casualty insurance",6.25,93.75,"#E00000AF","#E00000AF",16000
11567,"DAYTON POWER & LIGHT","Electric Utilities","Energy & Natural Resources","Electric power utilities",0,100,"#FF0000AF","#FF0000AF",32435
11852,"EATON CORPORATION PUBLIC POLICY ASSOCIATION","Miscellaneous Manufacturing & Distributing","General Business","Manufacturing",0,100,"#FF0000AF","#FF0000AF",2250
119,"AMERICAN COLLEGE OF EMERGENCY PHYSICIANS","Health Professionals","Health","Other physician specialists",0,100,"#FF0000AF","#FF0000AF",5900
11939,"ENERGY TRANSFER PARTNERS","Oil & Gas","Energy & Natural Resources","Oilfield service, equipment & exploration",0,100,"#FF0000AF","#FF0000AF",1500
11953976,"EDP RENEWABLES NORTH AMERICA","Miscellaneous Energy","Energy & Natural Resources","Alternative energy production & services",0,100,"#FF0000AF","#FF0000AF",1950
11989,"ERIE INDEMNITY CO","Insurance","Finance, Insurance & Real Estate","Property & casualty insurance",11.4942528735632,88.5057471264368,"#C70000AF","#C70000AF",4350
12065069,"OHIO STATE FARM AGENTS & ASSOCIATES","Insurance","Finance, Insurance & Real Estate","Property & casualty insurance",0,100,"#FF0000AF","#FF0000AF",25000
12096755,"OHIO IRONWORKERS ASSOCIATION","General Trade Unions","Labor","Construction unions",16.6666666666667,83.3333333333333,"#AD0000AF","#AD0000AF",27000
12096787,"HICKS PARTNERS LLC","Lawyers & Lobbyists","Lawyers & Lobbyists","Attorneys & law firms",66.6666666666667,33.3333333333333,"#000052AF","#000052AF",2100
12096981,"HEAT & FROST INSULATORS LOCAL 50","Uncoded","Uncoded","Uncoded",0,100,"#FF0000AF","#FF0000AF",1000
12100803,"OHIO NURSERY & LANDSCAPE ASSOCIATION","Uncoded","Uncoded","Uncoded",0,100,"#FF0000AF","#FF0000AF",1500
12102607,"OHIO PROSECUTING ATTORNEYS PAC (OPAPAC)","Uncoded","Uncoded","Uncoded",6.75675675675676,93.2432432432432,"#E00000AF","#E00000AF",3700
12525,"GOPAC","Conservative Policy Organization","Ideology/Single Issue","Republican-based groups (but not official party committees) and generic conservative ones",0,100,"#FF0000AF","#FF0000AF",19775.95
1269570,"INTERNATIONAL UNION OF PAINTERS & ALLIED TRADES / IUPAT","General Trade Unions","Labor","Construction unions",51.5151515151515,48.4848484848485,"#000005AF","#000005AF",33000
1277,"HUMANA","Health Services","Health","HMOs",19.2307692307692,80.7692307692308,"#9E0000AF","#9E0000AF",13000
130,"AMERICAN ELECTRIC POWER","Electric Utilities","Energy & Natural Resources","Electric power utilities",14.9732620320856,85.0267379679144,"#B80000AF","#B80000AF",93500
13035,"IBERDROLA RENEWABLES","Miscellaneous Energy","Energy & Natural Resources","Alternative energy production & services",16,84,"#AD0000AF","#AD0000AF",1250
1338,"INTERNATIONAL PAPER","Forestry & Forest Products","Agriculture","Paper & pulp mills and paper manufacturing",0,100,"#FF0000AF","#FF0000AF",3500
13389,"KEGLER BROWN HILL & RITTER","Lawyers & Lobbyists","Lawyers & Lobbyists","Attorneys & law firms",11.5384615384615,88.4615384615385,"#C70000AF","#C70000AF",23400
13897,"MANAGEMENT & TRAINING CORP","Miscellaneous Business","General Business","Correctional facilities construction & management/for-profit",0,100,"#FF0000AF","#FF0000AF",4500
14,"ABBOTT LABORATORIES","Pharmaceuticals & Health Products","Health","Pharmaceutical manufacturing",0,100,"#FF0000AF","#FF0000AF",16750
14043850,"IC PAC","Uncoded","Uncoded","Uncoded",0,100,"#FF0000AF","#FF0000AF",1900
14044080,"OHIO CONCRETE","Uncoded","Uncoded","Uncoded",0,100,"#FF0000AF","#FF0000AF",3500
14089,"MEDICAL MUTUAL OF OHIO","Insurance","Finance, Insurance & Real Estate","Accident & health insurance",0,100,"#FF0000AF","#FF0000AF",7000
1433,"KEYCORP","Commercial Banks","Finance, Insurance & Real Estate","Commercial banks & bank holding companies",3.15126050420168,96.8487394957983,"#F00000AF","#F00000AF",23800
14341,"MOTORISTS MUTUAL INSURANCE CO","Insurance","Finance, Insurance & Real Estate","Property & casualty insurance",0,100,"#FF0000AF","#FF0000AF",4350
14425,"NATIONAL RURAL ELECTRIC COOPERATIVE ASSOCIATION","Electric Utilities","Energy & Natural Resources","Rural electric cooperatives",1.70735871606625,98.2926412839338,"#FA0000AF","#FA0000AF",29285
14644,"NORTHWEST OHIO BUILDING & CONSTRUCTION TRADES COUNCIL","General Trade Unions","Labor","Construction unions",0,100,"#FF0000AF","#FF0000AF",33850
14687,"OHIO AGGREGATES & INDUSTRIAL MINERALS ASSOCIATION","Electric Utilities","Energy & Natural Resources","Gas & electric utilities",22.3684210526316,77.6315789473684,"#8F0000AF","#8F0000AF",3800
14690,"OHIO ASSOCIATION OF HEALTH UNDERWRITERS","Insurance","Finance, Insurance & Real Estate","Accident & health insurance",0,100,"#FF0000AF","#FF0000AF",5740
14692,"OHIO BANKERS ASSOCIATION","Commercial Banks","Finance, Insurance & Real Estate","Commercial banks & bank holding companies",6.59340659340659,93.4065934065934,"#E00000AF","#E00000AF",45500
14693,"OHIO COIN MACHINE ASSOCIATION","Retail Sales","General Business","Vending machine sales & services",0,100,"#FF0000AF","#FF0000AF",15750
14694,"OHIO COUNCIL FOR HOME CARE","Health Services","Health","Health care services",63.1578947368421,36.8421052631579,"#000042AF","#000042AF",950
14695,"OHIO COUNCIL OF RETAIL MERCHANTS","Retail Sales","General Business","Retail trade",0,100,"#FF0000AF","#FF0000AF",15400
14699,"OHIO GROCERS ASSOCIATION","Food Processing & Sales","Agriculture","Food stores",0,100,"#FF0000AF","#FF0000AF",5650
14700,"OHIO HARNESS HORSEMEN ASSOCIATION","Gambling & Casinos","General Business","Casinos, racetracks & gambling",0,100,"#FF0000AF","#FF0000AF",5300
14701,"OHIO INSURANCE INSTITUTE","Insurance","Finance, Insurance & Real Estate","Property & casualty insurance",18.5,81.5,"#A30000AF","#A30000AF",10000
14705,"OHIO OPHTHALMOLOGICAL SOCIETY","Health Professionals","Health","Optometrists & ophthalmologists",0,100,"#FF0000AF","#FF0000AF",10800
14711,"OHIO SOCIETY OF ANESTHESIOLOGISTS","Health Professionals","Health","Other physician specialists",0,100,"#FF0000AF","#FF0000AF",13000
14712,"OHIO STATE CHIROPRACTIC ASSOCIATION","Health Professionals","Health","Chiropractors",0,100,"#FF0000AF","#FF0000AF",5650
14714,"OHIO TRUCKING ASSOCIATION","Trucking","Transportation","Trucking companies & services",7.17821782178218,92.8217821782178,"#DB0000AF","#DB0000AF",20200
14715,"OHIOHEALTH STAR CORP","Hospitals & Nursing Homes","Health","Health care institutions",25,75,"#800000AF","#800000AF",2000
14953,"SQUIRE PATTON BOGGS","Lawyers & Lobbyists","Lawyers & Lobbyists","Attorneys & law firms",0,100,"#FF0000AF","#FF0000AF",13500
15158,"POLICE & FIRE RETIREES OF OHIO","Public Sector Unions","Labor","Police & fire fighters unions and associations",28.5714285714286,71.4285714285714,"#700000AF","#700000AF",2450
15202,"PREMIER HEALTH CARE SERVICES","Health Services","Health","Health care services",0,100,"#FF0000AF","#FF0000AF",14500
15237,"PROFESSIONAL INDEPENDENT AGENTS ASSOCIATION OF OHIO","Insurance","Finance, Insurance & Real Estate","Insurance agencies, brokers & agents",0,100,"#FF0000AF","#FF0000AF",9150
1540,"LIBERTY MUTUAL INSURANCE","Insurance","Finance, Insurance & Real Estate","Property & casualty insurance",0,100,"#FF0000AF","#FF0000AF",10500
15479,"RESCARE INC","Health Services","Health","Health care services",0,100,"#FF0000AF","#FF0000AF",2950
15795074,"OHIO PODIATRIC MEDICAL ASSOCIATION","Health Professionals","Health","Other physician specialists",0,100,"#FF0000AF","#FF0000AF",9650
15797525,"OHIO VETERINARY MEDICAL ASSOCIATION-VETERINARY","Uncoded","Uncoded","Uncoded",0,100,"#FF0000AF","#FF0000AF",3750
15833,"SCOTTS MIRACLE-GRO CO","Agricultural Services & Products","Agriculture","Agricultural chemicals (fertilizers & pesticides)",16.6666666666667,83.3333333333333,"#AD0000AF","#AD0000AF",3000
16059533,"CCG PAC","Uncoded","Uncoded","Uncoded",38.4615384615385,61.5384615384615,"#3D0000AF","#3D0000AF",26000
16060713,"NORTHEAST OHIO ACADEMY OF CHIROPRACTIC","Uncoded","Uncoded","Uncoded",0,100,"#FF0000AF","#FF0000AF",1500
16061761,"ORGANIZATION FOR HEALTHCARE INNOVATION IN OHIO","Health & Welfare Policy","Ideology/Single Issue","Health & welfare policy",58.5798816568047,41.4201183431953,"#000029AF","#000029AF",8450
16062210,"EVERPOWER WIND HOLDING INC","Uncoded","Uncoded","Uncoded",0,100,"#FF0000AF","#FF0000AF",750
16107,"SPECTRA ENERGY","Oil & Gas","Energy & Natural Resources","Natural gas transmission & distribution",22.5913621262458,77.4086378737541,"#8F0000AF","#8F0000AF",15050
1625,"MARATHON OIL","Oil & Gas","Energy & Natural Resources","Major (multinational) oil & gas producers",8.69565217391304,91.304347826087,"#D60000AF","#D60000AF",46000
1625986,"SQUIRE SANDERS","Lawyers & Lobbyists","Lawyers & Lobbyists","Attorneys & law firms",0,100,"#FF0000AF","#FF0000AF",1000
16260,"THE SUCCESS GROUP LLC","Lawyers & Lobbyists","Lawyers & Lobbyists","Lobbyists & public relations",41.6666666666667,58.3333333333333,"#2E0000AF","#2E0000AF",4200
16354955,"OHIO ASSOCIATION OF HEALTH PLANS","Uncoded","Uncoded","Uncoded",0,100,"#FF0000AF","#FF0000AF",4850
16550,"THOMPSON HINE & FLORY","Lawyers & Lobbyists","Lawyers & Lobbyists","Attorneys & law firms",57.1428571428571,42.8571428571429,"#000024AF","#000024AF",1750
1675,"MCKESSON CORP","Health Services","Health","Health care services",0,100,"#FF0000AF","#FF0000AF",5750
169212,"MCDONALD HOPKINS LLC","Lawyers & Lobbyists","Lawyers & Lobbyists","Attorneys & law firms",1.07296137339056,98.9270386266094,"#FA0000AF","#FA0000AF",23300
1702,"MERCK & CO","Pharmaceuticals & Health Products","Health","Pharmaceutical manufacturing",4.53333333333333,95.4666666666667,"#EB0000AF","#EB0000AF",18750
17056,"WELLPOINT INC","Insurance","Finance, Insurance & Real Estate","Accident & health insurance",2.9535864978903,97.0464135021097,"#F50000AF","#F50000AF",11850
1725,"MICROSOFT","Computer Equipment & Services","Communications & Electronics","Computer software",0,100,"#FF0000AF","#FF0000AF",3500
17313,"OHIO CHAMBER OF COMMERCE","Business Associations","General Business","Chambers of commerce",0,100,"#FF0000AF","#FF0000AF",6200
17321,"NATIONAL CONSTRUCTION EMPLOYERS ASSOCIATION","General Contractors","Construction","Builders associations",0,100,"#FF0000AF","#FF0000AF",1950
1753,"MOLINA HEALTHCARE","Health Services","Health","HMOs",9.66183574879227,90.3381642512077,"#D10000AF","#D10000AF",10350
1758,"MONSANTO","Agricultural Services & Products","Agriculture","Agricultural services & related industries",15.3846153846154,84.6153846153846,"#B30000AF","#B30000AF",3250
17909809,"PUBLIC POLICY STRATEGIES LLC","Uncoded","Uncoded","Uncoded",51.7241379310345,48.2758620689655,"#000005AF","#000005AF",1450
1854,"NATIONAL RIFLE ASSOCIATION","Gun Control","Ideology/Single Issue","Anti-gun control",0,100,"#FF0000AF","#FF0000AF",1500
18589,"ASSOCIATED GENERAL CONTRACTORS OF OHIO","General Contractors","Construction","Builders associations",0,100,"#FF0000AF","#FF0000AF",7850
1864,"NATIONWIDE MUTUAL INSURANCE CO","Miscellaneous Finance, Insurance & Real Estate","Finance, Insurance & Real Estate","Finance, insurance & real estate",12.3839009287926,87.6160990712074,"#C20000AF","#C20000AF",48450
18706,"OHIO RURAL ELECTRIC COOPERATIVES","Electric Utilities","Energy & Natural Resources","Rural electric cooperatives",51.1111111111111,48.8888888888889,"#000005AF","#000005AF",6750
18826,"PLANNED PARENTHOOD OF OHIO","Health Services","Health","Health care services",100,0,"#0000FFAF","#0000FFAF",2250
18895,"OHIO HEALTH CARE ASSOCIATION / OHIO CENTERS FOR ASSISTED LIVING","Hospitals & Nursing Homes","Health","Nursing homes",0,100,"#FF0000AF","#FF0000AF",79900
18905940,"OHIO CAST METALS ASSOCIATION","Uncoded","Uncoded","Uncoded",0,100,"#FF0000AF","#FF0000AF",1475
18905942,"OHIO VETERINARY MEDICAL ASSOCIATION","Uncoded","Uncoded","Uncoded",66.6666666666667,33.3333333333333,"#000052AF","#000052AF",1500
1892,"NISOURCE INC","Electric Utilities","Energy & Natural Resources","Gas & electric utilities",11.1688311688312,88.8311688311688,"#C70000AF","#C70000AF",77000
18920997,"OHIO ASSOCIATION OF COUNTY BOARDS SERVING PEOPLE WITH DEVELOPMENTAL DISABILITIES (OACB-DD-PAC)","Uncoded","Uncoded","Uncoded",0,100,"#FF0000AF","#FF0000AF",5900
18921068,"COMMUNITY BANKERS ASSOCIATION OF OHIO","Uncoded","Uncoded","Uncoded",41.6666666666667,58.3333333333333,"#2E0000AF","#2E0000AF",1200
18928112,"OHIO CATTLEMEN'S ASSOCIATION","Uncoded","Uncoded","Uncoded",20,80,"#990000AF","#9E0000AF",3000
18928241,"OHIO POULTRY ASSOCIATION","Uncoded","Uncoded","Uncoded",0,100,"#FF0000AF","#FF0000AF",2100
18928294,"RENAISSANCE HEALTH SERVICE CORPORATION","Uncoded","Uncoded","Uncoded",10,90,"#CC0000AF","#D10000AF",3000
18929296,"EDF RENEWABLE ENERGY","Uncoded","Uncoded","Uncoded",0,100,"#FF0000AF","#FF0000AF",950
19021,"AXCESS FINANCIAL SERVICES","Payday/Title Loans","Finance, Insurance & Real Estate","Payday/Title Loans",0,100,"#FF0000AF","#FF0000AF",9500
19070,"ASSOCIATION OF OHIO LIFE INSURANCE COMPANIES","Insurance","Finance, Insurance & Real Estate","Life insurance",29.1666666666667,70.8333333333333,"#6B0000AF","#6B0000AF",1200
19166,"OHIO ASSOCIATION OF PUBLIC SCHOOL EMPLOYEES","Public Sector Unions","Labor","State & local government employee unions",100,0,"#0000FFAF","#0000FFAF",38155
19168,"OHIO CIVIL SERVICE EMPLOYEES LOCAL 11","Public Sector Unions","Labor","State & local government employee unions",86.4864864864865,13.5135135135135,"#0000B8AF","#0000B8AF",18500
19239,"OHIO FEDERATION OF TEACHERS","Public Sector Unions","Labor","Teachers unions",82.6086956521739,17.3913043478261,"#0000A3AF","#0000A3AF",28750
19290,"COLUMBUS CENTRAL OHIO BUILDING & CONSTRUCTION TRADES COUNCIL","General Trade Unions","Labor","Construction unions",66.6666666666667,33.3333333333333,"#000052AF","#000052AF",750
193,"AMERISOURCEBERGEN CORP","Pharmaceuticals & Health Products","Health","Pharmaceutical wholesale",0,100,"#FF0000AF","#FF0000AF",7900
1934,"OHIO NATIONAL FINANCIAL SERVICES","Insurance","Finance, Insurance & Real Estate","Insurance companies, general",0,100,"#FF0000AF","#FF0000AF",6000
19352,"OHIO STATE FRATERNAL ORDER OF POLICE","Public Sector Unions","Labor","Police & fire fighters unions and associations",16.6666666666667,83.3333333333333,"#AD0000AF","#AD0000AF",3000
19362,"GREATER CINCINNATI BUILDING & CONSTRUCTION TRADES COUNCIL","General Trade Unions","Labor","Construction unions",0,100,"#FF0000AF","#FF0000AF",4000
19391,"IRONWORKERS LOCAL 172","General Trade Unions","Labor","Construction unions",2.29885057471264,97.7011494252874,"#F50000AF","#F50000AF",8700
19445115,"AK STEEL CORPORATION","Steel","Energy & Natural Resources","Steel manufacturing",0,100,"#FF0000AF","#FF0000AF",2500
19501,"OHIO ASSOCIATION OF PROFESSIONAL FIRE FIGHTERS","Public Sector Unions","Labor","Police & fire fighters unions and associations",100,0,"#0000FFAF","#0000FFAF",5350
1965,"OWENS-ILLINOIS","Miscellaneous Manufacturing & Distributing","General Business","Glass products",0,100,"#FF0000AF","#FF0000AF",5500
19692,"ELECTRICAL WORKERS LOCAL 683","General Trade Unions","Labor","Electrical workers/IBEW",76.9230769230769,23.0769230769231,"#000085AF","#000085AF",6500
19747,"OHIO CONFERENCE OF TEAMSTERS","Transportation Unions","Labor","Teamsters unions",16.9230769230769,83.0769230769231,"#AD0000AF","#AD0000AF",32500
20002,"LABORERS DISTRICT COUNCIL OF OHIO","General Trade Unions","Labor","Construction unions",12.4423963133641,87.5576036866359,"#C20000AF","#C20000AF",108500
20078,"LABORERS LOCAL 860","General Trade Unions","Labor","Construction unions",90.9090909090909,9.09090909090909,"#0000CCAF","#0000CCAF",2750
2009,"PENN NATIONAL GAMING","Gambling & Casinos","General Business","Casinos, racetracks & gambling",0,100,"#FF0000AF","#FF0000AF",3000
20090,"LIMA BUILDING & CONSTRUCTION TRADES COUNCIL","General Trade Unions","Labor","Construction unions",26.6666666666667,73.3333333333333,"#7A0000AF","#7A0000AF",7500
20161,"OHIO AFL-CIO","General Trade Unions","Labor","Labor unions",91.6666666666667,8.33333333333333,"#0000D1AF","#0000D1AF",12000
20256,"OHIO EDUCATION ASSOCIATION","Public Sector Unions","Labor","Teachers unions",43.6862247895901,56.3137752104099,"#240000AF","#240000AF",89347.02
20295,"PARKERSBURG-MARIETTA BUILDING & CONSTRUCTION TRADES COUNCIL","General Trade Unions","Labor","Construction unions",33.3333333333333,66.6666666666667,"#570000AF","#570000AF",4500
2034,"PFIZER","Pharmaceuticals & Health Products","Health","Pharmaceutical manufacturing",7.44047619047619,92.5595238095238,"#DB0000AF","#DB0000AF",16800
20464,"COLUMBUS SHEET METAL WORKERS LOCAL 24","General Trade Unions","Labor","Construction unions",92.1052631578947,7.89473684210526,"#0000D6AF","#0000D6AF",3800
20486,"SHEET METAL WORKERS LOCAL 33 AKRON DISTRICT","General Trade Unions","Labor","Construction unions",38.2911392405063,61.7088607594937,"#3D0000AF","#3D0000AF",31600
20540,"PLUMBERS & PIPEFITTERS LOCAL 120","General Trade Unions","Labor","Construction unions",1.67364016736402,98.326359832636,"#FA0000AF","#FA0000AF",11950
20569,"PLUMBERS & PIPEFITTERS LOCAL 189","General Trade Unions","Labor","Construction unions",0,100,"#FF0000AF","#FF0000AF",1500
20576,"PLUMBERS & PIPEFITTERS LOCAL 55","General Trade Unions","Labor","Construction unions",19.6078431372549,80.3921568627451,"#9E0000AF","#9E0000AF",10200
2079396,"OPERATING ENGINEERS LOCAL 18","General Trade Unions","Labor","Construction unions",8.89664764431598,91.103352355684,"#D60000AF","#D60000AF",202323.4
2080,"PNC FINANCIAL SERVICES","Banks & Lending Institutions","Finance, Insurance & Real Estate","Banks & lending institutions",0,100,"#FF0000AF","#FF0000AF",10000
20803,"INDIANA KENTUCKY OHIO REGIONAL COUNCIL OF CARPENTERS","General Trade Unions","Labor","Construction unions",34.4827586206897,65.5172413793103,"#520000AF","#520000AF",7250
2087,"POLYONE CORP","Chemical & Related Manufacturing","General Business","Plastics & rubber processing and products",0,100,"#FF0000AF","#FF0000AF",4500
21076,"COMMUNITY BANKERS ASSOCIATION OF OHIO","Commercial Banks","Finance, Insurance & Real Estate","Commercial banks & bank holding companies",0,100,"#FF0000AF","#FF0000AF",5050
21140,"BROTHERHOOD OF LOCOMOTIVE ENGINEERS & TRAINMEN / BLET","Transportation Unions","Labor","Railroad unions",100,0,"#0000FFAF","#0000FFAF",7350
21194,"AMERICAN COUNCIL OF ENGINEERING COMPANIES OF OHIO","Construction Services","Construction","Engineering, architecture & construction management services",0,100,"#FF0000AF","#FF0000AF",4250
2124,"PRUDENTIAL FINANCIAL","Miscellaneous Finance, Insurance & Real Estate","Finance, Insurance & Real Estate","Finance, insurance & real estate",26.5625,73.4375,"#7A0000AF","#7A0000AF",3200
2140,"PURDUE PHARMA","Pharmaceuticals & Health Products","Health","Pharmaceutical manufacturing",0,100,"#FF0000AF","#FF0000AF",1500
217833,"HEAT & FROST INSULATORS LOCAL 45","Uncoded","Uncoded","Uncoded",0,100,"#FF0000AF","#FF0000AF",1000
218,"AQUA AMERICA","Water Utilities","Energy & Natural Resources","Water utilities",0,100,"#FF0000AF","#FF0000AF",2500
218575,"PLUMBERS & STEAMFITTERS LOCAL 50","General Trade Unions","Labor","Construction unions",0,100,"#FF0000AF","#FF0000AF",13250
22104342,"KIDS PAC / OHIO SCHOOL BOARDS ASSOCIATION (OSBA)","Uncoded","Uncoded","Uncoded",0,100,"#FF0000AF","#FF0000AF",1550
22105411,"MECHANICAL CONTRACTORS ASSOCIATION OF OHIO","Uncoded","Uncoded","Uncoded",0,100,"#FF0000AF","#FF0000AF",6000
22107647,"OHIO PSYCHOLOGICAL ASSOCIATION","Uncoded","Uncoded","Uncoded",3.35570469798658,96.6442953020134,"#F00000AF","#F00000AF",7450
2218,"R J REYNOLDS TOBACCO CO","Tobacco companies & tobacco product sales","General Business","Tobacco companies & tobacco product sales",9.11392405063291,90.8860759493671,"#D10000AF","#D10000AF",19750
22183273,"LEADINGAGE OHIO","Hospitals & Nursing Homes","Health","Nursing homes",0,100,"#FF0000AF","#FF0000AF",3000
2248,"ROETZEL & ANDRESS","Lawyers & Lobbyists","Lawyers & Lobbyists","Attorneys & law firms",0,100,"#FF0000AF","#FF0000AF",4400
2269,"RPM INTERNATIONAL","Chemical & Related Manufacturing","General Business","Paints, solvents & coatings",0,100,"#FF0000AF","#FF0000AF",2000
2446,"SPRINT","Telecom Services & Equipment","Communications & Electronics","Telecommunications",23.6220472440945,76.3779527559055,"#8A0000AF","#8A0000AF",6350
24585700,"CINCINNATI BELL INC FEDERAL","Uncoded","Uncoded","Uncoded",0,100,"#FF0000AF","#FF0000AF",3550
24775359,"STERIS CORPORATION","Uncoded","Uncoded","Uncoded",0,100,"#FF0000AF","#FF0000AF",3000
24815125,"ASSOCIATED BUILDERS & CONTRACTORS OHIO VALLEY","General Contractors","Construction","Builders associations",0,100,"#FF0000AF","#FF0000AF",4850
2551,"TAFT STETTINIUS & HOLLISTER","Lawyers & Lobbyists","Lawyers & Lobbyists","Attorneys & law firms",8.274231678487,91.725768321513,"#D60000AF","#D60000AF",21150
2566,"INTERNATIONAL BROTHERHOOD OF TEAMSTERS / IBT","Transportation Unions","Labor","Teamsters unions",0,100,"#FF0000AF","#FF0000AF",28000
257,"ASTRAZENECA","Pharmaceuticals & Health Products","Health","Pharmaceutical manufacturing",0,100,"#FF0000AF","#FF0000AF",16000
2584163,"PROPERTY CASUALTY INSURERS ASSOCIATION OF AMERICA","Insurance","Finance, Insurance & Real Estate","Insurance companies, general",0,100,"#FF0000AF","#FF0000AF",3750
259,"AT&T","Telecom Services & Equipment","Communications & Electronics","Telecommunications",9.22509225092251,90.7749077490775,"#D10000AF","#D10000AF",27100
2596601,"CLEVELAND BUILDING & CONSTRUCTION TRADES COUNCIL","General Trade Unions","Labor","Construction unions",16.8323720178648,83.1676279821352,"#AD0000AF","#AD0000AF",2673.42
2596607,"FLEXIBLE PAVEMENTS OF OHIO","Building Materials & Equipment","Construction","Stone, clay, glass & concrete products",0,100,"#FF0000AF","#FF0000AF",3500
2596884,"JOE SCHIAVONI CAMPAIGN CMTE","Candidate Committees","Candidate Contributions","Candidate committees",100,0,"#0000FFAF","#0000FFAF",19000
2596928,"OHIO PHARMACISTS ASSOCIATION","Health Professionals","Health","Pharmacists",4.20168067226891,95.7983193277311,"#EB0000AF","#EB0000AF",5950
2597397,"CEMENT MASONS LOCAL 404","General Trade Unions","Labor","Construction unions",0,100,"#FF0000AF","#FF0000AF",3950
2597427,"STINZIANO CAMPAIGN CMTE","Candidate Committees","Candidate Contributions","Candidate committees",100,0,"#0000FFAF","#0000FFAF",1250
2597534,"KATHLEEN CLYDE CMTE","Candidate Committees","Candidate Contributions","Candidate committees",100,0,"#0000FFAF","#0000FFAF",750
2597827,"OHIO STATE CORONERS ASSOCIATION","Civil Servants/Public Officials","Government Agencies/Education/Other","Municipal & county government organizations",0,100,"#FF0000AF","#FF0000AF",2750
2599182,"CMTE TO ELECT NIEHAUS","Candidate Committees","Candidate Contributions","Candidate committees",0,100,"#FF0000AF","#FF0000AF",1000
2600142,"STRATEGIC PUBLIC PARTNERS INC","Business Services","General Business","Political consultants & advisers",0,100,"#FF0000AF","#FF0000AF",10050
2601010,"BUCKEYE COMMUNITY HEALTH PLAN","Health Services","Health","HMOs",0,100,"#FF0000AF","#FF0000AF",17500
2601394,"TIBERI FOR CONGRESS","Candidate Committees","Candidate Contributions","Candidate committees",0,100,"#FF0000AF","#FF0000AF",12680
2601963,"FRIENDS OF NAN WHALEY","Candidate Committees","Candidate Contributions","Candidate committees",100,0,"#0000FFAF","#0000FFAF",750
2603245,"WESTERN RESERVE BUILDING & CONSTRUCTION TRADES COUNCIL","General Trade Unions","Labor","Construction unions",100,0,"#0000FFAF","#0000FFAF",3700
2605928,"HULL PAC","Construction Services","Construction","Engineering, architecture & construction management services",14.9193548387097,85.0806451612903,"#B80000AF","#B80000AF",12400
2608860,"NORTHERN OHIO STATE MEDICAL ASSOCIATION","Health Professionals","Health","Physicians",0,100,"#FF0000AF","#FF0000AF",1200
2608899,"OHIO RADIOLOGICAL SOCIETY","Health Professionals","Health","Other physician specialists",0,100,"#FF0000AF","#FF0000AF",2850
2610991,"LKQ CORP","Automotive","Transportation","Truck & automotive parts and accessories",50,50,"#000000AF","#000000AF",5000
2612,"TIME WARNER CABLE","Telecom Services & Equipment","Communications & Electronics","Telecommunications",1.35399493497575,98.6460050650243,"#FA0000AF","#FA0000AF",73855.52
2612161,"OHIO OSTEOPATHIC ASSOCIATION","Health Professionals","Health","Physicians",30.1724137931034,69.8275862068966,"#660000AF","#660000AF",5800
2612745,"BUCKEYE PATRIOT PAC","Leadership PACs","Candidate Contributions","PACs operated by Republican members of Congress or prominent national Republicans",0,100,"#FF0000AF","#FF0000AF",3300
2613294,"OHIO ACADEMY OF FAMILY PHYSICIANS","Health Professionals","Health","Physicians",0,100,"#FF0000AF","#FF0000AF",1500
2617587,"OHIO LICENSED BEVERAGE ASSOCIATION","Beer, Wine & Liquor","General Business","Liquor wholesalers",0,100,"#FF0000AF","#FF0000AF",2200
2618969,"IRONWORKERS LOCAL 290","General Trade Unions","Labor","Construction unions",100,0,"#0000FFAF","#0000FFAF",400
26203791,"OHIO CONFERENCE OF PL & CM PCE FUND","Uncoded","Uncoded","Uncoded",0,100,"#FF0000AF","#FF0000AF",1000
26205720,"ACT OHIO FOUNDATION","General Trade Unions","Labor","Construction unions",21.0399157751523,78.9600842248477,"#940000AF","#940000AF",45041.34
2621527,"MID-STATES DISTRICT COUNCIL OF ROOFERS LOCAL 44","General Trade Unions","Labor","Construction unions",28.5714285714286,71.4285714285714,"#700000AF","#700000AF",1750
2623224,"AUTOMOTIVE SERVICE ASSOCIATION OF OHIO","Automotive","Transportation","Auto repair",0,100,"#FF0000AF","#FF0000AF",750
2623283,"OHIO COUNCIL OF BEHAVIORAL HEALTH CARE PROVIDERS","Health Professionals","Health","Psychiatrists & psychologists",0,100,"#FF0000AF","#FF0000AF",2950
2626524,"OHIO ENVIRONMENTAL SERVICE INDUSTRIES","Environmental Services & Equipment","Energy & Natural Resources","Environmental services, equipment & consulting",0,100,"#FF0000AF","#FF0000AF",1000
2626826,"OHIO COMMUNICATIONS WORKERS","General Trade Unions","Labor","Communications & hi-tech unions",97.323600973236,2.67639902676399,"#0000F0AF","#0000F0AF",10275
2631644,"NORWALK PLUMBERS & STEAMFITTERS LOCAL 42","General Trade Unions","Labor","Construction unions",0,100,"#FF0000AF","#FF0000AF",1400
2633356,"BUCKEYE STATE SHERIFFS ASSOCIATION","Public Sector Unions","Labor","Police & fire fighters unions and associations",0,100,"#FF0000AF","#FF0000AF",6000
2636144,"OHIO KENTUCKY ADMINISTRATIVE DISTRICT COUNCIL OF BRICKLAYERS & ALLIED CRAFTWORKERS","General Trade Unions","Labor","Construction unions",14.2857142857143,85.7142857142857,"#B80000AF","#B80000AF",24500
2668372,"AMERICAN INSTITUTE OF ARCHITECTS OHIO","Construction Services","Construction","Architectural services",0,100,"#FF0000AF","#FF0000AF",1200
2673611,"DAYTON SHEET METAL WORKERS LOCAL 24","General Trade Unions","Labor","Construction unions",22.4489795918367,77.5510204081633,"#8F0000AF","#8F0000AF",12250
2688495,"ASSOCIATED FOOD & PETROLEUM DEALERS OF OHIO","Oil & Gas","Energy & Natural Resources","Gasoline service stations",0,100,"#FF0000AF","#FF0000AF",475
2692,"UNITED HEALTHCARE SERVICES","Insurance","Finance, Insurance & Real Estate","Accident & health insurance",0,100,"#FF0000AF","#FF0000AF",6500
2693832,"FRIENDS OF TOM PATTON","Candidate Committees","Candidate Contributions","Candidate committees",0,100,"#FF0000AF","#FF0000AF",2450
2695,"ALTRIA","Tobacco companies & tobacco product sales","General Business","Tobacco companies & tobacco product sales",6.68316831683168,93.3168316831683,"#E00000AF","#E00000AF",20200
2710,"UPS","Air Transport","Transportation","Express delivery services",8.95522388059701,91.044776119403,"#D60000AF","#D60000AF",16750
2719,"US STEEL CORP","Steel","Energy & Natural Resources","Steel manufacturing",0,100,"#FF0000AF","#FF0000AF",1850
2743219,"OHIO MORTGAGE BANKERS ASSOCIATION","Real Estate","Finance, Insurance & Real Estate","Mortgage bankers & brokers",4.76190476190476,95.2380952380952,"#EB0000AF","#EB0000AF",10500
2762945,"OHIO ASSOCIATION OF MCDONALDS OPERATORS","Food & Beverage","General Business","Restaurants & drinking establishments",0,100,"#FF0000AF","#FF0000AF",3250
2769257,"BOAT OHIO FOUNDATION","Sea Transport","Transportation","Sea transport",0,100,"#FF0000AF","#FF0000AF",3100
27702344,"OHIO COUNCIL FOR HOME CARE & HOSPICE","Uncoded","Uncoded","Uncoded",59.7014925373134,40.2985074626866,"#00002EAF","#00002EAF",3350
27707498,"DEVRY INC","Uncoded","Uncoded","Uncoded",0,100,"#FF0000AF","#FF0000AF",1500
2772,"WAL-MART","Retail Sales","General Business","Department, variety & convenience stores",0,100,"#FF0000AF","#FF0000AF",10000
2787357,"OHIO ASSOCIATION OF COUNTY BEHAVIORAL HEALTH AUTHORITIES","Health Services","Health","Health care services",11.4864864864865,88.5135135135135,"#C70000AF","#C70000AF",7400
2787822,"COUNTY AUDITORS ASSOCIATION OF OHIO","Civil Servants/Public Officials","Government Agencies/Education/Other","Municipal & county government organizations",20,80,"#990000AF","#9E0000AF",1250
2787837,"OHIO SOFT DRINK ASSOCIATION","Food & Beverage","General Business","Beverages (non-alcoholic)",0,100,"#FF0000AF","#FF0000AF",2500
279084,"MEDNAX SERVICES","Health Professionals","Health","Physicians",0,100,"#FF0000AF","#FF0000AF",3000
2792802,"OHIO HOTEL & LODGING ASSOCIATION","Lodging & Tourism","General Business","Hotels & motels",0,100,"#FF0000AF","#FF0000AF",3050
2793901,"OHIO RECEIVABLES MANAGEMENT ASSOCIATION","Miscellaneous Finance","Finance, Insurance & Real Estate","Credit reporting services & collection agencies",0,100,"#FF0000AF","#FF0000AF",2150
2794083,"NURSERY & LANDSCAPE PAC","Special Trade Contractors","Construction","Landscaping & excavation services",0,100,"#FF0000AF","#FF0000AF",1750
27953860,"OPTICIANS ASSOC. OF OHIO OHIO OPTICAL COUNCIL FOR POL. ED.","Uncoded","Uncoded","Uncoded",0,100,"#FF0000AF","#FF0000AF",1000
2803088,"PENGUIN PAC","Leadership PACs","Candidate Contributions","PACs operated by Democratic members of Congress or prominent national Democrats",100,0,"#0000FFAF","#0000FFAF",4500
2807607,"OHIO COUNSELING ASSOCIATION","Uncoded","Uncoded","Uncoded",0,100,"#FF0000AF","#FF0000AF",550
2812804,"WESTERN RESERVE CONSERVATION EDUCATION FUND","Uncoded","Uncoded","Uncoded",0,100,"#FF0000AF","#FF0000AF",3500
2818306,"BOOSTERS FOR PERCIAK","Candidate Committees","Candidate Contributions","Candidate committees",0,100,"#FF0000AF","#FF0000AF",1875
2827849,"OHIO STATE ASSOCIATION OF NURSE ANESTHETISTS","Health Professionals","Health","Nurses",0,100,"#FF0000AF","#FF0000AF",5500
2847630,"HICKEY CAMPAIGN FUND","Candidate Committees","Candidate Contributions","Candidate committees",0,100,"#FF0000AF","#FF0000AF",500
2858322,"COMMUNICATIONS WORKERS STATE COUNCIL OF OHIO","General Trade Unions","Labor","Communications & hi-tech unions",100,0,"#0000FFAF","#0000FFAF",5275
2868,"WILLIAMS COMPANIES","Oil & Gas","Energy & Natural Resources","Oil & gas",0,100,"#FF0000AF","#FF0000AF",3750
2873838,"ALLIANCE PAC","Uncoded","Uncoded","Uncoded",0,100,"#FF0000AF","#FF0000AF",1050
2875174,"OHIO PROPANE PAC","Oil & Gas","Energy & Natural Resources","LPG/Liquid propane dealers & producers",0,100,"#FF0000AF","#FF0000AF",250
289,"BAKER & HOSTETLER","Lawyers & Lobbyists","Lawyers & Lobbyists","Attorneys & law firms",0,100,"#FF0000AF","#FF0000AF",22700
2923571,"COOLIDGE WALL WOMSLEY & LOMBARD","Lawyers & Lobbyists","Lawyers & Lobbyists","Attorneys & law firms",0,100,"#FF0000AF","#FF0000AF",750
2938,"AETNA","Insurance","Finance, Insurance & Real Estate","Insurance companies, general",0,100,"#FF0000AF","#FF0000AF",17650
2960,"OHIO STATE BUILDING & CONSTRUCTION TRADES COUNCIL","General Trade Unions","Labor","Construction unions",20.6435517644897,79.3564482355103,"#990000AF","#990000AF",252007.7
3048686,"OHIOANS FOR CONCEALED CARRY","Gun Control","Ideology/Single Issue","Anti-gun control",0,100,"#FF0000AF","#FF0000AF",3000
3055885,"LABORERS LOCAL 574","General Trade Unions","Labor","Construction unions",0,100,"#FF0000AF","#FF0000AF",1000
3066128,"TEAMSTERS LOCAL 20","Transportation Unions","Labor","Teamsters unions",33.3333333333333,66.6666666666667,"#570000AF","#570000AF",3000
3096,"OHIO NURSES ASSOCIATION","General Trade Unions","Labor","Health worker unions",14.4110275689223,85.5889724310777,"#B80000AF","#B80000AF",39900
3116,"INTERNATIONAL ASSOCIATION OF HEAT & FROST INSULATORS & ALLIED WORKERS / HFIAW","General Trade Unions","Labor","Construction unions",0,100,"#FF0000AF","#FF0000AF",7100
3131160,"SCHARFENBERGER, MICHAEL J","Real Estate","Finance, Insurance & Real Estate","Real estate agents & managers",0,100,"#FF0000AF","#FF0000AF",1650
3189,"OHIO AUTOMOBILE DEALERS ASSOCIATION","Automotive","Transportation","Auto dealers, new & used",8.26833073322933,91.7316692667707,"#D60000AF","#D60000AF",64100
3223,"WHOLESALE BEER & WINE ASSOCIATION OF OHIO","Beer, Wine & Liquor","General Business","Liquor wholesalers",6.59374008834602,93.406259911654,"#E00000AF","#E00000AF",178199.32
3250,"BP NORTH AMERICA","Oil & Gas","Energy & Natural Resources","Major (multinational) oil & gas producers",20.5128205128205,79.4871794871795,"#990000AF","#990000AF",9750
3271,"OHIO CABLE TELECOMMUNICATIONS ASSOCIATION","Telecom Services & Equipment","Communications & Electronics","Telecommunications",16.8776371308017,83.1223628691983,"#AD0000AF","#AD0000AF",11850
328,"BAXTER HEALTHCARE","Pharmaceuticals & Health Products","Health","Medical supplies manufacturing & sales",0,100,"#FF0000AF","#FF0000AF",1000
33,"ADVANCE AMERICA CASH ADVANCE CENTERS","Payday/Title Loans","Finance, Insurance & Real Estate","Payday/Title Loans",50,50,"#000000AF","#000000AF",500
3377007,"LABORERS UNIDENTIFIED","General Trade Unions","Labor","Construction unions",33.3333333333333,66.6666666666667,"#570000AF","#570000AF",750
3382638,"OHIO ASSOCIATION FOR JUSTICE","Lawyers & Lobbyists","Lawyers & Lobbyists","Attorneys & law firms",44.7902796949375,55.2097203050625,"#1F0000AF","#1F0000AF",44206.02
3394,"CHESAPEAKE ENERGY","Oil & Gas","Energy & Natural Resources","Oil & gas",9.09090909090909,90.9090909090909,"#D10000AF","#D10000AF",49500
3406,"CONTINENTAL CASUALTY DBA CNA INSURANCE CORP","Insurance","Finance, Insurance & Real Estate","Property & casualty insurance",0,100,"#FF0000AF","#FF0000AF",4000
3471,"OHIO DENTAL ASSOCIATION","Health Professionals","Health","Dentists",4.68483816013629,95.3151618398637,"#EB0000AF","#EB0000AF",58700
3479,"DOMINION","Miscellaneous Energy","Energy & Natural Resources","Energy production & distribution",8.65242425195859,91.3475757480414,"#D60000AF","#D60000AF",63566
3615,"EXELON","Electric Utilities","Energy & Natural Resources","Gas & electric utilities",0,100,"#FF0000AF","#FF0000AF",4000
3625,"OHIO FARM BUREAU","Farm Bureau","Agriculture","Farm Bureau/affiliated organizations & PACs",17.2161172161172,82.7838827838828,"#A80000AF","#A80000AF",68250
37002806,"THOMAS P PAPPAS & ASSOCIATES","Uncoded","Uncoded","Uncoded",0,100,"#FF0000AF","#FF0000AF",850
3726874,"KIDS PAC / OHIO SCHOOL BOARDS ASSOCIATION","Uncoded","Uncoded","Uncoded",0,100,"#FF0000AF","#FF0000AF",1400
3728,"FIRSTENERGY CORP","Electric Utilities","Energy & Natural Resources","Electric power utilities",9.11458333333333,90.8854166666667,"#D10000AF","#D10000AF",192000
3823,"HOFFMAN LA ROCHE","Pharmaceuticals & Health Products","Health","Pharmaceutical manufacturing",0,100,"#FF0000AF","#FF0000AF",3800
3830,"OHIO HOME BUILDERS ASSOCIATION","Home Builders","Construction","Residential construction",8.42105263157895,91.5789473684211,"#D60000AF","#D60000AF",23750
38552075,"ALCOA INC EMPLOYEES VOLUNTARY STATE & FEDERAL","Uncoded","Uncoded","Uncoded",0,100,"#FF0000AF","#FF0000AF",1200
38553354,"VECTREN CORPORATION EMPLOYEES FEDERAL","Uncoded","Uncoded","Uncoded",0,100,"#FF0000AF","#FF0000AF",940
3902,"JP MORGAN CHASE","Miscellaneous Finance, Insurance & Real Estate","Finance, Insurance & Real Estate","Finance, insurance & real estate",0,100,"#FF0000AF","#FF0000AF",6000
39315081,"MCNEES WALLACE & NURICK LLC","Uncoded","Uncoded","Uncoded",27.5862068965517,72.4137931034483,"#750000AF","#750000AF",4350
39398905,"OHIO SPEECH & HEARING","Uncoded","Uncoded","Uncoded",0,100,"#FF0000AF","#FF0000AF",2750
395,"BOWLING PROPRIETORS ASSOCIATION OF OHIO","Recreation & Live Entertainment","General Business","Amusement & recreation centers",0,100,"#FF0000AF","#FF0000AF",2050
3969749,"FOOD & COMMERCIAL WORKERS LOCAL 880","General Trade Unions","Labor","Labor unions",17.2413793103448,82.7586206896552,"#A80000AF","#A80000AF",14500
3984187,"OHIO CONTRACTORS","General Contractors","Construction","Builders associations",5.15463917525773,94.8453608247423,"#E60000AF","#E60000AF",48500
4057,"OHIO MANUFACTURERS ASSOCIATION","Miscellaneous Manufacturing & Distributing","General Business","Manufacturing",0,100,"#FF0000AF","#FF0000AF",5450
40571111,"IRONWORKERS LOCAL 550","General Trade Unions","Labor","Construction unions",100,0,"#0000FFAF","#0000FFAF",3100
40618508,"POLICE & FIRE RETIREES OF OHIO","Uncoded","Uncoded","Uncoded",0,100,"#FF0000AF","#FF0000AF",10650
40618540,"OHIO PSYCHIATRISTS","Uncoded","Uncoded","Uncoded",0,100,"#FF0000AF","#FF0000AF",1350
40618595,"OHIO MANUFACTURED HOMES ASSOCIATION","Uncoded","Uncoded","Uncoded",15.625,84.375,"#B30000AF","#B30000AF",1600
40618623,"OHIO ASSOCIATION OF ADVANCED PRACTICE NURSES","Uncoded","Uncoded","Uncoded",0,100,"#FF0000AF","#FF0000AF",600
40618655,"GREATER CLEVELAND PARTNERSHIP","Uncoded","Uncoded","Uncoded",0,100,"#FF0000AF","#FF0000AF",7350
40619801,"NAIFA-OHIO","Uncoded","Uncoded","Uncoded",0,100,"#FF0000AF","#FF0000AF",1500
4074,"OHIO STATE MEDICAL ASSOCIATION","Health Professionals","Health","Physicians",5.19848771266541,94.8015122873346,"#E60000AF","#E60000AF",52900
4122,"NATIONAL FEDERATION OF INDEPENDENT BUSINESS / NFIB","Business Associations","General Business","Small business organizations",0,100,"#FF0000AF","#FF0000AF",12118.75
4148,"NOVARTIS CORP","Pharmaceuticals & Health Products","Health","Pharmaceutical manufacturing",0,100,"#FF0000AF","#FF0000AF",2000
4159,"OHIO SOCIETY OF CPAS","Accountants","Finance, Insurance & Real Estate","Accountants",2.98507462686567,97.0149253731343,"#F50000AF","#F50000AF",50250
4209,"OHIO OPTOMETRY ASSOCIATION","Health Professionals","Health","Optometrists & ophthalmologists",6.95422535211268,93.0457746478873,"#E00000AF","#E00000AF",56800
423890,"ELEMENT POWER US LLC","Uncoded","Uncoded","Uncoded",11.1111111111111,88.8888888888889,"#C70000AF","#C70000AF",900
424153,"INVENERGY LLC","Miscellaneous Energy","Energy & Natural Resources","Alternative energy production & services",44.4444444444444,55.5555555555556,"#1F0000AF","#1F0000AF",450
43551254,"IRONWORKERS LOCAL 17","General Trade Unions","Labor","Construction unions",0,100,"#FF0000AF","#FF0000AF",3250
43672409,"OHIO FUNERAL DIRECTORS ASSOCIATION","Uncoded","Uncoded","Uncoded",0,100,"#FF0000AF","#FF0000AF",5550
43672410,"OHIO PEST CONTROL ASSOCOCIATION -OCAPAC","Uncoded","Uncoded","Uncoded",40,60,"#330000AF","#330000AF",1250
43672454,"OHIO FAIR MANAGERS ASSOCIATION & GREATER OHIO SHOWMEN'S ASSOCIATION","Uncoded","Uncoded","Uncoded",0,100,"#FF0000AF","#FF0000AF",3650
43672455,"OREIA","Uncoded","Uncoded","Uncoded",19.2307692307692,80.7692307692308,"#9E0000AF","#9E0000AF",1300
4451,"OHIO ASSOCIATION OF REALTORS","Real Estate","Finance, Insurance & Real Estate","Real estate",16.1508159819921,83.8491840180079,"#AD0000AF","#AD0000AF",177700
453,"CALFEE HALTER & GRISWOLD","Lawyers & Lobbyists","Lawyers & Lobbyists","Attorneys & law firms",5.00649906159433,94.9935009384057,"#E60000AF","#E60000AF",31958.46
4688,"THE DOCTORS CO","Insurance","Finance, Insurance & Real Estate","Property & casualty insurance",0,100,"#FF0000AF","#FF0000AF",2000
4697,"TIMKEN CO","Steel","Energy & Natural Resources","Steel manufacturing",0,100,"#FF0000AF","#FF0000AF",3500
4723897,"MARKWEST ENERGY PARTNERS","Electric Utilities","Energy & Natural Resources","Electric power utilities",16.1931818181818,83.8068181818182,"#AD0000AF","#AD0000AF",17600
489,"CARDINAL HEALTH","Health Services","Health","Health care services",1.28205128205128,98.7179487179487,"#FA0000AF","#FA0000AF",39000
4905,"OHIO HOUSE REPUBLICAN CAMPAIGN CMTE","Party Committees","Party","Republican Party committees",0,100,"#FF0000AF","#FF0000AF",675
4906,"OHIO REPUBLICAN PARTY","Party Committees","Party","Republican Party committees",0,100,"#FF0000AF","#FF0000AF",734756.07
4907,"REPUBLICAN SENATE CAMPAIGN CMTE OF OHIO","Party Committees","Party","Republican Party committees",0,100,"#FF0000AF","#FF0000AF",3641719.41
4908,"HOUSE DEMOCRATIC CAUCUS FUND OF OHIO","Party Committees","Party","Democratic Party committees",100,0,"#0000FFAF","#0000FFAF",725.39
4909,"OHIO DEMOCRATIC PARTY","Party Committees","Party","Democratic Party committees",100,0,"#0000FFAF","#0000FFAF",419196.26
4910,"OHIO SENATE DEMOCRATS","Party Committees","Party","Democratic Party committees",100,0,"#0000FFAF","#0000FFAF",123260
5,"3M CO","Miscellaneous Manufacturing & Distributing","General Business","Manufacturing",0,100,"#FF0000AF","#FF0000AF",3000
513,"CASH AMERICA INTERNATIONAL","Payday/Title Loans","Finance, Insurance & Real Estate","Payday/Title Loans",6.5625,93.4375,"#E00000AF","#E00000AF",16000
519,"CATERPILLAR","Building Materials & Equipment","Construction","Construction equipment",0,100,"#FF0000AF","#FF0000AF",4000
528,"CENTENE CORP","Health Services","Health","HMOs",54.5454545454545,45.4545454545455,"#000014AF","#000014AF",1100
5344,"OHIO CREDIT UNION LEAGUE","Credit Unions","Finance, Insurance & Real Estate","Credit unions",16.4203612479475,83.5796387520525,"#AD0000AF","#AD0000AF",60900
541,"CENTURYLINK","Telecom Services & Equipment","Communications & Electronics","Telecommunications",19.6374622356495,80.3625377643504,"#9E0000AF","#9E0000AF",16550
5732141,"NORFOLK SOUTHERN","Railroads","Energy & Natural Resources","Railroad transportation",14.5161290322581,85.4838709677419,"#B80000AF","#B80000AF",6200
585385,"INTERNATIONAL ASSOCIATION OF BRIDGE STRUCTURAL ORNAMENTAL & REINFORCING IRON WORKERS","General Trade Unions","Labor","Construction unions",100,0,"#0000FFAF","#0000FFAF",5600
586096,"CHECKSMART FINANCIAL CO","Payday/Title Loans","Finance, Insurance & Real Estate","Payday/Title Loans",8.39160839160839,91.6083916083916,"#D60000AF","#D60000AF",35750
5991,"BENSCH FRIEDLANDER COPLAN & ARONOFF","Lawyers & Lobbyists","Lawyers & Lobbyists","Attorneys & law firms",55.5555555555556,44.4444444444444,"#00001AAF","#00001AAF",2700
6069,"BRICKER & ECKLER","Lawyers & Lobbyists","Lawyers & Lobbyists","Attorneys & law firms",29.3375394321767,70.6624605678233,"#6B0000AF","#6B0000AF",15850
644,"COMCAST","Telecom Services & Equipment","Communications & Electronics","Telecommunications",73.6263736263736,26.3736263736264,"#000075AF","#000075AF",4550
670,"CONSOL ENERGY","Mining","Energy & Natural Resources","Coal mining",66.6666666666667,33.3333333333333,"#000052AF","#000052AF",3750
683,"CONVERGYS","Business Services","General Business","Management consultants & services",0,100,"#FF0000AF","#FF0000AF",1000
6855,"OHIO HOSPITAL ASSOCIATION","Hospitals & Nursing Homes","Health","Hospitals",0,100,"#FF0000AF","#FF0000AF",38950
7135,"HUNTINGTON BANCSHARES","Commercial Banks","Finance, Insurance & Real Estate","Commercial banks & bank holding companies",19.7693574958814,80.2306425041186,"#9E0000AF","#9E0000AF",30350
7313,"JOHNSON & JOHNSON SERVICES","Pharmaceuticals & Health Products","Health","Health care products",0,100,"#FF0000AF","#FF0000AF",6250
735,"CSX TRANSPORTATION","Railroads","Energy & Natural Resources","Railroads",3.125,96.875,"#F00000AF","#F00000AF",16000
741,"CVS CAREMARK","Retail Sales","General Business","Drug stores",0,100,"#FF0000AF","#FF0000AF",9750
8157269,"MOTOROLA SOLUTIONS","Telecom Services & Equipment","Communications & Electronics","Telephone & communications equipment",0,100,"#FF0000AF","#FF0000AF",1700
821380,"OHIO SOYBEAN ASSOCIATION","Crop Production & Basic Processing","Agriculture","Wheat, corn, soybeans & cash grain",23.6220472440945,76.3779527559055,"#8A0000AF","#8A0000AF",6350
821493,"OHIO PORK PRODUCERS COUNCIL","Livestock","Agriculture","Livestock",27.2727272727273,72.7272727272727,"#750000AF","#750000AF",3850
8271,"OHIO COAL ASSOCIATION","Mining","Energy & Natural Resources","Coal mining",3.07262569832402,96.927374301676,"#F00000AF","#F00000AF",35800
8272,"OHIO LAND TITLE ASSOCIATION","Real Estate","Finance, Insurance & Real Estate","Title insurance & title abstract offices",0,100,"#FF0000AF","#FF0000AF",3650
8273,"OHIO OIL & GAS ASSOCIATION","Oil & Gas","Energy & Natural Resources","Oil & gas",0,100,"#FF0000AF","#FF0000AF",28600
8274,"OHIO PROVIDER RESOURCE ASSOCIATION","Health & Welfare Policy","Ideology/Single Issue","Health & welfare policy",0,100,"#FF0000AF","#FF0000AF",11900
8275,"OHIO STATE BAR ASSOCIATION","Lawyers & Lobbyists","Lawyers & Lobbyists","Attorneys & law firms",34.6808510638298,65.3191489361702,"#520000AF","#520000AF",47000
8331868,"SMART","General Trade Unions","Labor","Other unions",100,0,"#0000FFAF","#0000FFAF",2750
856,"DUKE ENERGY","Miscellaneous Energy","Energy & Natural Resources","Energy production & distribution",5.17063081695967,94.8293691830403,"#E60000AF","#E60000AF",48350
856060,"TIM RYAN FOR CONGRESS","Candidate Committees","Candidate Contributions","Candidate committees",100,0,"#0000FFAF","#0000FFAF",2000
898,"INTERNATIONAL BROTHERHOOD OF ELECTRICAL WORKERS / IBEW","General Trade Unions","Labor","Electrical workers/IBEW",47.7133703760996,52.2866296239004,"#0F0000AF","#0F0000AF",59862.34
900,"ELI LILLY & CO","Pharmaceuticals & Health Products","Health","Pharmaceutical manufacturing",3.50877192982456,96.4912280701754,"#F00000AF","#F00000AF",14250
9394,"VORYS SATER SEYMOUR & PEASE","Lawyers & Lobbyists","Lawyers & Lobbyists","Attorneys & law firms",23.5880398671096,76.4119601328904,"#8A0000AF","#8A0000AF",30100
943,"EXPRESS SCRIPTS","Retail Sales","General Business","Drug stores",0,100,"#FF0000AF","#FF0000AF",9000
946,"EXXON MOBIL","Oil & Gas","Energy & Natural Resources","Major (multinational) oil & gas producers",34.6938775510204,65.3061224489796,"#520000AF","#520000AF",12250
95,"ALLSTATE INSURANCE","Insurance","Finance, Insurance & Real Estate","Property & casualty insurance",0,100,"#FF0000AF","#FF0000AF",1250
9538400,"SEIU DISTRICT 1199 WKO","Health Services","Health","Health care services",100,0,"#0000FFAF","#0000FFAF",66655
958,"FARMERS INSURANCE GROUP","Insurance","Finance, Insurance & Real Estate","Insurance agencies, brokers & agents",4.54545454545455,95.4545454545455,"#EB0000AF","#EB0000AF",11000
9613,"OHIO FARMERS INSURANCE","Insurance","Finance, Insurance & Real Estate","Property & casualty insurance",0,100,"#FF0000AF","#FF0000AF",22300
978,"FIFTH THIRD BANCORP","Commercial Banks","Finance, Insurance & Real Estate","Commercial banks & bank holding companies",5.32319391634981,94.6768060836502,"#E60000AF","#E60000AF",13150
9985,"AMERICAN WIND ENERGY ASSOCIATION","Miscellaneous Energy","Energy & Natural Resources","Alternative energy production & services",6.25,93.75,"#E00000AF","#E00000AF",3200
